Hash value, 
0, 0
1, 0
2, 0
3, 0
4, 0
5, 0
6, 0
7, 0
8, 0
9, 0
10, 0
11, 0
12, 0
13, 0
14, 0
15, 0
16, 0
17, 0
18, 0
19, 0
20, 0
21, 0
22, 0
23, 0
24, 0
25, 0
26, 0
27, 0
28, 0
29, 0
30, 0
31, 0
32, 0
33, 0
34, 0
35, 0
36, 0
37, 0
38, 0
39, 0
40, 0
41, 0
42, 0
43, 0
44, 0
45, 0
46, 0
47, 0
48, 0
49, 0
50, 0
51, 0
52, 0
53, 0
54, 0
55, 0
56, 0
57, 0
58, 0
59, 0
60, 0
61, 0
62, 0
63, 0
64, 0
65, 1
66, 1
67, 1
68, 1
69, 1
70, 0
71, 1
72, 0
73, 1
74, 0
75, 1
76, 1
77, 1
78, 1
79, 1
80, 0
81, 0
82, 0
83, 0
84, 1
85, 1
86, 1
87, 0
88, 1
89, 0
90, 0
91, 0
92, 0
93, 0
94, 0
95, 0
96, 0
97, 1
98, 0
99, 0
100, 1
101, 0
102, 0
103, 0
104, 0
105, 0
106, 0
107, 0
108, 0
109, 1
110, 0
111, 1
112, 0
113, 0
114, 0
115, 1
116, 1
117, 0
118, 0
119, 0
120, 0
121, 1
122, 0
123, 0
124, 0
125, 0
126, 0
127, 0
128, 0
129, 0
130, 0
131, 0
132, 0
133, 0
134, 0
135, 0
136, 0
137, 0
138, 0
139, 0
140, 0
141, 0
142, 0
143, 0
144, 0
145, 0
146, 1
147, 0
148, 0
149, 0
150, 0
151, 1
152, 0
153, 0
154, 0
155, 0
156, 0
157, 0
158, 0
159, 0
160, 0
161, 0
162, 0
163, 0
164, 0
165, 0
166, 0
167, 1
168, 0
169, 1
170, 1
171, 0
172, 0
173, 2
174, 1
175, 2
176, 0
177, 0
178, 1
179, 1
180, 1
181, 2
182, 2
183, 3
184, 0
185, 0
186, 0
187, 2
188, 2
189, 4
190, 0
191, 1
192, 0
193, 1
194, 1
195, 1
196, 0
197, 1
198, 1
199, 2
200, 0
201, 0
202, 0
203, 0
204, 0
205, 2
206, 1
207, 2
208, 0
209, 0
210, 2
211, 2
212, 1
213, 2
214, 1
215, 3
216, 1
217, 0
218, 0
219, 4
220, 3
221, 3
222, 0
223, 0
224, 0
225, 3
226, 2
227, 2
228, 0
229, 1
230, 1
231, 0
232, 1
233, 0
234, 0
235, 0
236, 0
237, 0
238, 0
239, 0
240, 0
241, 0
242, 0
243, 0
244, 0
245, 0
246, 0
247, 0
248, 0
249, 0
250, 0
251, 0
252, 0
253, 1
254, 0
255, 0
256, 0
257, 0
258, 0
259, 0
260, 0
261, 0
262, 0
263, 0
264, 0
265, 0
266, 0
267, 0
268, 1
269, 2
270, 0
271, 0
272, 0
273, 1
274, 3
275, 2
276, 0
277, 0
278, 1
279, 0
280, 3
281, 3
282, 1
283, 5
284, 3
285, 2
286, 1
287, 3
288, 3
289, 2
290, 1
291, 1
292, 2
293, 1
294, 3
295, 4
296, 2
297, 2
298, 4
299, 3
300, 2
301, 3
302, 5
303, 3
304, 3
305, 4
306, 7
307, 1
308, 4
309, 6
310, 4
311, 7
312, 11
313, 5
314, 7
315, 8
316, 6
317, 7
318, 5
319, 8
320, 7
321, 5
322, 6
323, 4
324, 3
325, 6
326, 3
327, 10
328, 4
329, 4
330, 12
331, 8
332, 4
333, 6
334, 7
335, 3
336, 8
337, 4
338, 5
339, 1
340, 4
341, 3
342, 2
343, 1
344, 3
345, 1
346, 1
347, 0
348, 0
349, 2
350, 0
351, 1
352, 0
353, 0
354, 0
355, 0
356, 0
357, 0
358, 0
359, 0
360, 0
361, 0
362, 0
363, 0
364, 0
365, 0
366, 1
367, 0
368, 0
369, 1
370, 0
371, 0
372, 0
373, 0
374, 0
375, 0
376, 1
377, 1
378, 0
379, 3
380, 5
381, 0
382, 1
383, 3
384, 3
385, 2
386, 2
387, 1
388, 4
389, 6
390, 8
391, 3
392, 1
393, 2
394, 4
395, 4
396, 2
397, 3
398, 5
399, 5
400, 6
401, 8
402, 5
403, 4
404, 9
405, 5
406, 5
407, 6
408, 6
409, 7
410, 9
411, 9
412, 12
413, 6
414, 14
415, 17
416, 14
417, 12
418, 16
419, 10
420, 11
421, 11
422, 19
423, 16
424, 20
425, 19
426, 25
427, 24
428, 18
429, 15
430, 15
431, 12
432, 18
433, 16
434, 23
435, 19
436, 20
437, 16
438, 12
439, 13
440, 18
441, 12
442, 16
443, 9
444, 17
445, 12
446, 8
447, 11
448, 13
449, 4
450, 13
451, 9
452, 7
453, 3
454, 9
455, 2
456, 2
457, 5
458, 1
459, 2
460, 1
461, 0
462, 1
463, 2
464, 0
465, 0
466, 0
467, 1
468, 0
469, 0
470, 1
471, 0
472, 0
473, 0
474, 0
475, 1
476, 0
477, 2
478, 2
479, 1
480, 2
481, 0
482, 0
483, 1
484, 2
485, 2
486, 1
487, 0
488, 0
489, 1
490, 1
491, 0
492, 4
493, 3
494, 2
495, 4
496, 2
497, 2
498, 6
499, 6
500, 8
501, 1
502, 1
503, 4
504, 11
505, 5
506, 2
507, 5
508, 6
509, 7
510, 12
511, 4
512, 9
513, 8
514, 5
515, 12
516, 10
517, 13
518, 12
519, 9
520, 19
521, 8
522, 8
523, 17
524, 10
525, 14
526, 15
527, 16
528, 22
529, 26
530, 22
531, 14
532, 27
533, 10
534, 21
535, 19
536, 25
537, 28
538, 18
539, 17
540, 23
541, 17
542, 17
543, 20
544, 13
545, 24
546, 26
547, 19
548, 18
549, 12
550, 14
551, 11
552, 21
553, 15
554, 18
555, 16
556, 13
557, 14
558, 10
559, 13
560, 7
561, 9
562, 4
563, 5
564, 5
565, 6
566, 3
567, 3
568, 1
569, 4
570, 0
571, 2
572, 1
573, 0
574, 0
575, 2
576, 1
577, 0
578, 2
579, 1
580, 0
581, 1
582, 0
583, 2
584, 1
585, 1
586, 1
587, 1
588, 0
589, 1
590, 0
591, 1
592, 1
593, 0
594, 1
595, 3
596, 0
597, 1
598, 2
599, 0
600, 4
601, 0
602, 3
603, 6
604, 3
605, 2
606, 4
607, 3
608, 2
609, 2
610, 4
611, 2
612, 3
613, 7
614, 9
615, 7
616, 7
617, 21
618, 8
619, 14
620, 15
621, 10
622, 7
623, 11
624, 11
625, 10
626, 14
627, 14
628, 8
629, 11
630, 13
631, 14
632, 17
633, 14
634, 15
635, 21
636, 18
637, 16
638, 18
639, 21
640, 21
641, 25
642, 21
643, 17
644, 25
645, 16
646, 16
647, 21
648, 21
649, 26
650, 20
651, 19
652, 17
653, 16
654, 9
655, 18
656, 16
657, 23
658, 17
659, 20
660, 12
661, 9
662, 10
663, 13
664, 12
665, 11
666, 4
667, 11
668, 14
669, 9
670, 4
671, 4
672, 5
673, 4
674, 4
675, 3
676, 4
677, 1
678, 1
679, 1
680, 5
681, 0
682, 3
683, 2
684, 1
685, 0
686, 1
687, 0
688, 0
689, 0
690, 1
691, 1
692, 0
693, 0
694, 1
695, 0
696, 2
697, 2
698, 1
699, 0
700, 0
701, 0
702, 2
703, 3
704, 2
705, 2
706, 5
707, 2
708, 0
709, 0
710, 4
711, 5
712, 4
713, 2
714, 3
715, 1
716, 4
717, 3
718, 7
719, 7
720, 6
721, 5
722, 5
723, 6
724, 5
725, 6
726, 7
727, 8
728, 7
729, 9
730, 17
731, 13
732, 9
733, 14
734, 6
735, 17
736, 13
737, 16
738, 14
739, 12
740, 12
741, 22
742, 25
743, 13
744, 22
745, 23
746, 17
747, 16
748, 14
749, 22
750, 20
751, 20
752, 13
753, 21
754, 27
755, 18
756, 19
757, 17
758, 12
759, 24
760, 18
761, 14
762, 20
763, 17
764, 13
765, 18
766, 5
767, 14
768, 16
769, 10
770, 15
771, 7
772, 11
773, 13
774, 7
775, 9
776, 3
777, 10
778, 9
779, 4
780, 2
781, 6
782, 9
783, 4
784, 6
785, 3
786, 4
787, 2
788, 3
789, 3
790, 1
791, 1
792, 1
793, 0
794, 0
795, 0
796, 0
797, 1
798, 0
799, 0
800, 0
801, 1
802, 0
803, 0
804, 1
805, 0
806, 2
807, 1
808, 0
809, 1
810, 2
811, 2
812, 1
813, 0
814, 2
815, 1
816, 0
817, 4
818, 2
819, 2
820, 1
821, 5
822, 5
823, 2
824, 2
825, 3
826, 1
827, 9
828, 7
829, 3
830, 9
831, 8
832, 5
833, 7
834, 3
835, 5
836, 11
837, 8
838, 4
839, 7
840, 10
841, 7
842, 9
843, 7
844, 7
845, 9
846, 8
847, 8
848, 11
849, 8
850, 12
851, 13
852, 21
853, 16
854, 11
855, 7
856, 15
857, 7
858, 7
859, 16
860, 18
861, 17
862, 13
863, 13
864, 22
865, 12
866, 15
867, 15
868, 12
869, 14
870, 16
871, 7
872, 16
873, 11
874, 10
875, 11
876, 9
877, 11
878, 6
879, 5
880, 4
881, 4
882, 6
883, 8
884, 6
885, 7
886, 3
887, 4
888, 5
889, 5
890, 3
891, 5
892, 3
893, 3
894, 5
895, 0
896, 1
897, 6
898, 1
899, 0
900, 0
901, 0
902, 0
903, 2
904, 1
905, 1
906, 0
907, 0
908, 0
909, 0
910, 0
911, 0
912, 0
913, 0
914, 0
915, 0
916, 2
917, 0
918, 1
919, 0
920, 2
921, 1
922, 0
923, 0
924, 1
925, 1
926, 1
927, 2
928, 2
929, 1
930, 3
931, 3
932, 2
933, 1
934, 0
935, 1
936, 1
937, 4
938, 0
939, 5
940, 2
941, 3
942, 7
943, 6
944, 3
945, 5
946, 3
947, 6
948, 4
949, 4
950, 7
951, 2
952, 4
953, 8
954, 6
955, 5
956, 3
957, 5
958, 4
959, 6
960, 8
961, 12
962, 6
963, 5
964, 13
965, 5
966, 7
967, 8
968, 10
969, 13
970, 9
971, 13
972, 11
973, 6
974, 7
975, 4
976, 5
977, 12
978, 4
979, 6
980, 1
981, 5
982, 8
983, 7
984, 11
985, 6
986, 10
987, 1
988, 3
989, 5
990, 5
991, 4
992, 2
993, 5
994, 2
995, 1
996, 1
997, 4
998, 4
999, 1
1000, 1
1001, 2
1002, 0
1003, 2
1004, 2
1005, 0
1006, 0
1007, 1
1008, 0
1009, 1
1010, 1
1011, 1
1012, 0
1013, 1
1014, 0
1015, 1
1016, 1
1017, 0
1018, 2
1019, 0
1020, 0
1021, 2
1022, 0
1023, 1
1024, 1
1025, 0
1026, 0
1027, 1
1028, 0
1029, 0
1030, 1
1031, 0
1032, 0
1033, 1
1034, 1
1035, 1
1036, 0
1037, 1
1038, 0
1039, 1
1040, 1
1041, 2
1042, 3
1043, 0
1044, 0
1045, 4
1046, 2
1047, 5
1048, 4
1049, 1
1050, 2
1051, 2
1052, 3
1053, 4
1054, 6
1055, 1
1056, 4
1057, 1
1058, 3
1059, 1
1060, 3
1061, 5
1062, 2
1063, 2
1064, 6
1065, 5
1066, 4
1067, 5
1068, 7
1069, 3
1070, 1
1071, 5
1072, 4
1073, 3
1074, 6
1075, 3
1076, 4
1077, 2
1078, 4
1079, 9
1080, 8
1081, 8
1082, 4
1083, 2
1084, 2
1085, 3
1086, 5
1087, 0
1088, 3
1089, 5
1090, 5
1091, 2
1092, 9
1093, 3
1094, 3
1095, 2
1096, 3
1097, 2
1098, 2
1099, 4
1100, 1
1101, 5
1102, 4
1103, 4
1104, 2
1105, 1
1106, 0
1107, 3
1108, 0
1109, 2
1110, 1
1111, 1
1112, 1
1113, 1
1114, 1
1115, 0
1116, 1
1117, 1
1118, 0
1119, 1
1120, 0
1121, 1
1122, 0
1123, 1
1124, 0
1125, 0
1126, 1
1127, 0
1128, 1
1129, 0
1130, 0
1131, 2
1132, 2
1133, 0
1134, 0
1135, 0
1136, 0
1137, 0
1138, 0
1139, 0
1140, 3
1141, 0
1142, 0
1143, 0
1144, 0
1145, 0
1146, 0
1147, 0
1148, 0
1149, 0
1150, 0
1151, 0
1152, 0
1153, 2
1154, 0
1155, 0
1156, 1
1157, 0
1158, 3
1159, 1
1160, 2
1161, 1
1162, 3
1163, 2
1164, 1
1165, 1
1166, 3
1167, 2
1168, 3
1169, 2
1170, 1
1171, 3
1172, 1
1173, 4
1174, 1
1175, 1
1176, 3
1177, 1
1178, 0
1179, 4
1180, 5
1181, 1
1182, 1
1183, 0
1184, 5
1185, 3
1186, 3
1187, 1
1188, 0
1189, 1
1190, 4
1191, 3
1192, 2
1193, 2
1194, 1
1195, 0
1196, 3
1197, 7
1198, 1
1199, 3
1200, 4
1201, 1
1202, 0
1203, 0
1204, 0
1205, 3
1206, 2
1207, 0
1208, 2
1209, 1
1210, 0
1211, 0
1212, 0
1213, 0
1214, 0
1215, 1
1216, 0
1217, 0
1218, 0
1219, 0
1220, 0
1221, 1
1222, 2
1223, 0
1224, 0
1225, 0
1226, 0
1227, 0
1228, 0
1229, 0
1230, 1
1231, 0
1232, 0
1233, 0
1234, 1
1235, 0
1236, 0
1237, 0
1238, 0
1239, 0
1240, 1
1241, 0
1242, 0
1243, 0
1244, 0
1245, 1
1246, 0
1247, 0
1248, 0
1249, 0
1250, 0
1251, 1
1252, 1
1253, 2
1254, 0
1255, 0
1256, 0
1257, 0
1258, 0
1259, 0
1260, 0
1261, 1
1262, 0
1263, 0
1264, 0
1265, 3
1266, 1
1267, 0
1268, 0
1269, 0
1270, 0
1271, 1
1272, 1
1273, 0
1274, 0
1275, 1
1276, 1
1277, 1
1278, 3
1279, 3
1280, 0
1281, 1
1282, 3
1283, 1
1284, 1
1285, 2
1286, 4
1287, 0
1288, 2
1289, 0
1290, 0
1291, 0
1292, 2
1293, 0
1294, 1
1295, 0
1296, 2
1297, 0
1298, 0
1299, 1
1300, 0
1301, 4
1302, 0
1303, 1
1304, 1
1305, 0
1306, 0
1307, 2
1308, 1
1309, 2
1310, 0
1311, 1
1312, 4
1313, 0
1314, 0
1315, 0
1316, 0
1317, 0
1318, 0
1319, 1
1320, 0
1321, 0
1322, 1
1323, 0
1324, 0
1325, 0
1326, 0
1327, 2
1328, 0
1329, 0
1330, 0
1331, 1
1332, 0
1333, 0
1334, 0
1335, 0
1336, 0
1337, 0
1338, 0
1339, 0
1340, 0
1341, 0
1342, 0
1343, 0
1344, 0
1345, 0
1346, 0
1347, 0
1348, 0
1349, 0
1350, 0
1351, 0
1352, 0
1353, 0
1354, 0
1355, 0
1356, 0
1357, 0
1358, 0
1359, 0
1360, 0
1361, 0
1362, 0
1363, 0
1364, 0
1365, 0
1366, 0
1367, 0
1368, 1
1369, 0
1370, 0
1371, 0
1372, 0
1373, 1
1374, 0
1375, 1
1376, 0
1377, 0
1378, 0
1379, 0
1380, 0
1381, 0
1382, 0
1383, 0
1384, 0
1385, 1
1386, 0
1387, 0
1388, 0
1389, 0
1390, 0
1391, 1
1392, 0
1393, 1
1394, 1
1395, 1
1396, 0
1397, 2
1398, 1
1399, 1
1400, 2
1401, 2
1402, 0
1403, 1
1404, 0
1405, 0
1406, 1
1407, 0
1408, 0
1409, 1
1410, 0
1411, 0
1412, 0
1413, 0
1414, 1
1415, 0
1416, 0
1417, 0
1418, 0
1419, 0
1420, 1
1421, 0
1422, 0
1423, 1
1424, 1
1425, 0
1426, 0
1427, 0
1428, 0
1429, 1
1430, 1
1431, 0
1432, 0
1433, 0
1434, 0
1435, 0
1436, 0
1437, 0
1438, 0
1439, 0
1440, 0
1441, 0
1442, 0
1443, 1
1444, 0
1445, 0
1446, 0
1447, 0
1448, 0
1449, 0
1450, 0
1451, 0
1452, 0
1453, 0
1454, 0
1455, 0
1456, 0
1457, 0
1458, 0
1459, 0
1460, 0
1461, 0
1462, 0
1463, 0
1464, 0
1465, 0
1466, 0
1467, 0
1468, 0
1469, 0
1470, 0
1471, 0
1472, 0
1473, 0
1474, 0
1475, 0
1476, 0
1477, 0
1478, 0
1479, 0
1480, 0
1481, 0
1482, 1
1483, 0
1484, 1
1485, 0
1486, 0
1487, 0
1488, 0
1489, 0
1490, 0
1491, 0
1492, 0
1493, 0
1494, 0
1495, 0
1496, 1
1497, 0
1498, 1
1499, 0
1500, 0
1501, 0
1502, 0
1503, 1
1504, 0
1505, 0
1506, 0
1507, 0
1508, 0
1509, 0
1510, 0
1511, 0
1512, 0
1513, 0
1514, 0
1515, 0
1516, 0
1517, 0
1518, 0
1519, 0
1520, 0
1521, 0
1522, 0
1523, 0
1524, 0
1525, 1
1526, 0
1527, 0
1528, 1
1529, 0
1530, 0
1531, 0
1532, 0
1533, 0
1534, 0
1535, 0
1536, 1
1537, 0
1538, 0
1539, 0
1540, 0
1541, 0
1542, 0
1543, 1
1544, 0
1545, 0
1546, 0
1547, 0
1548, 0
1549, 0
1550, 1
1551, 0
1552, 0
1553, 0
1554, 0
1555, 0
1556, 0
1557, 0
1558, 0
1559, 0
1560, 0
1561, 0
1562, 0
1563, 0
1564, 0
1565, 0
1566, 0
1567, 0
1568, 0
1569, 0
1570, 0
1571, 0
1572, 0
1573, 0
1574, 0
1575, 0
1576, 0
1577, 0
1578, 0
1579, 0
1580, 0
1581, 0
1582, 0
1583, 0
1584, 0
1585, 0
1586, 0
1587, 0
1588, 0
1589, 0
1590, 0
1591, 0
1592, 0
1593, 0
1594, 0
1595, 0
1596, 0
1597, 0
1598, 0
1599, 0
1600, 0
1601, 0
1602, 0
1603, 0
1604, 0
1605, 0
1606, 0
1607, 0
1608, 0
1609, 0
1610, 0
1611, 0
1612, 0
1613, 0
1614, 0
1615, 0
1616, 0
1617, 0
1618, 0
1619, 0
1620, 0
1621, 0
1622, 0
1623, 0
1624, 0
1625, 0
1626, 0
1627, 0
1628, 0
1629, 0
1630, 0
1631, 0
1632, 0
1633, 0
1634, 0
1635, 0
1636, 0
1637, 0
1638, 0
1639, 0
1640, 0
1641, 0
1642, 0
1643, 0
1644, 0
1645, 0
1646, 0
1647, 0
1648, 0
1649, 0
1650, 0
1651, 0
1652, 0
1653, 0
1654, 0
1655, 0
1656, 0
1657, 0
1658, 0
1659, 0
1660, 0
1661, 0
1662, 0
1663, 0
1664, 0
1665, 0
1666, 0
1667, 0
1668, 0
1669, 0
1670, 0
1671, 0
1672, 0
1673, 0
1674, 0
1675, 0
1676, 0
1677, 0
1678, 0
1679, 0
1680, 0
1681, 0
1682, 0
1683, 0
1684, 0
1685, 0
1686, 0
1687, 0
1688, 0
1689, 0
1690, 0
1691, 0
1692, 0
1693, 0
1694, 0
1695, 0
1696, 0
1697, 0
1698, 0
1699, 0
1700, 0
1701, 0
1702, 0
1703, 1
1704, 0
1705, 0
1706, 0
1707, 0
1708, 0
1709, 0
1710, 0
1711, 0
1712, 0
1713, 0
1714, 0
1715, 0
1716, 0
1717, 0
1718, 0
1719, 0
1720, 0
1721, 0
1722, 0
1723, 0
1724, 0
1725, 0
1726, 0
1727, 0
1728, 0
1729, 0
1730, 0
1731, 0
1732, 0
1733, 0
1734, 0
1735, 0
1736, 1
1737, 0
1738, 0
1739, 0
1740, 0
1741, 0
1742, 0
1743, 0
1744, 0
1745, 0
1746, 0
1747, 0
1748, 0
1749, 0
1750, 0
1751, 0
1752, 0
1753, 0
1754, 0
1755, 0
1756, 0
1757, 0
1758, 0
1759, 0
1760, 0
1761, 0
1762, 0
1763, 0
1764, 0
1765, 0
1766, 0
1767, 0
1768, 0
1769, 0
1770, 0
1771, 0
1772, 0
1773, 0
1774, 0
1775, 0
1776, 0
1777, 0
1778, 0
1779, 0
1780, 0
1781, 0
1782, 0
1783, 0
1784, 0
1785, 0
1786, 0
1787, 0
1788, 0
1789, 0
1790, 0
1791, 0
1792, 0
1793, 0
1794, 0
1795, 0
1796, 0
1797, 0
1798, 0
1799, 0
1800, 0
1801, 0
1802, 0
1803, 0
1804, 0
1805, 0
1806, 0
1807, 0
1808, 0
1809, 0
1810, 0
1811, 0
1812, 0
1813, 0
1814, 0
1815, 0
1816, 0
1817, 0
1818, 0
1819, 0
1820, 0
1821, 0
1822, 0
1823, 0
1824, 0
1825, 0
1826, 0
1827, 0
1828, 0
1829, 0
1830, 0
1831, 0
1832, 0
1833, 0
1834, 0
1835, 0
1836, 0
1837, 0
1838, 0
1839, 0
1840, 0
1841, 0
1842, 0
1843, 0
1844, 0
1845, 0
1846, 0
1847, 0
1848, 0
1849, 0
1850, 0
1851, 0
1852, 0
1853, 0
1854, 0
1855, 0
1856, 0
1857, 0
1858, 0
1859, 0
1860, 0
1861, 0
1862, 0
1863, 0
1864, 0
1865, 0
1866, 0
1867, 0
1868, 0
1869, 0
1870, 0
1871, 0
1872, 0
1873, 0
1874, 0
1875, 0
1876, 0
1877, 0
1878, 0
1879, 0
1880, 0
1881, 0
1882, 0
1883, 0
1884, 0
1885, 0
1886, 0
1887, 0
1888, 0
1889, 0
1890, 0
1891, 0
1892, 0
1893, 0
1894, 0
1895, 0
1896, 0
1897, 0
1898, 0
1899, 0
1900, 0
1901, 0
1902, 0
1903, 0
1904, 0
1905, 0
1906, 0
1907, 0
1908, 0
1909, 0
1910, 0
1911, 0
1912, 0
1913, 0
1914, 0
1915, 0
1916, 0
1917, 0
1918, 0
1919, 0
1920, 0
1921, 0
1922, 0
1923, 0
1924, 0
1925, 0
1926, 0
1927, 0
1928, 0
1929, 0
1930, 0
1931, 0
1932, 0
1933, 0
1934, 0
1935, 0
1936, 0
1937, 0
1938, 0
1939, 0
1940, 0
1941, 0
1942, 0
1943, 0
1944, 0
1945, 0
1946, 0
1947, 0
1948, 0
1949, 0
1950, 0
1951, 0
1952, 0
1953, 0
1954, 0
1955, 0
1956, 0
1957, 0
1958, 0
1959, 0
1960, 0
1961, 0
1962, 0
1963, 0
1964, 0
1965, 0
1966, 0
1967, 0
1968, 0
1969, 0
1970, 0
1971, 0
1972, 0
1973, 0
1974, 0
1975, 0
1976, 0
1977, 0
1978, 0
1979, 0
1980, 0
1981, 0
1982, 0
1983, 0
1984, 0
1985, 0
1986, 0
1987, 0
1988, 0
1989, 0
1990, 0
1991, 0
1992, 0
1993, 0
1994, 0
1995, 0
1996, 0
1997, 0
1998, 0
1999, 0
2000, 0
2001, 0
2002, 0
2003, 0
2004, 0
2005, 0
2006, 0
2007, 0
2008, 0
2009, 0
2010, 0
2011, 0
2012, 0
2013, 0
2014, 0
2015, 0
2016, 0
2017, 0
2018, 0
2019, 0
2020, 0
2021, 0
2022, 0
2023, 0
2024, 0
2025, 0
2026, 0
2027, 0
2028, 0
2029, 0
2030, 0
2031, 0
2032, 0
2033, 0
2034, 0
2035, 0
2036, 0
2037, 0
2038, 0
2039, 0
2040, 0
2041, 0
2042, 0
2043, 0
2044, 0
2045, 0
2046, 0
2047, 0
2048, 0
2049, 0
2050, 0
2051, 0
2052, 0
2053, 0
2054, 0
2055, 0
2056, 0
2057, 0
2058, 0
2059, 0
2060, 0
2061, 0
2062, 0
2063, 0
2064, 0
2065, 0
2066, 0
2067, 0
2068, 0
2069, 0
2070, 0
2071, 0
2072, 0
2073, 0
2074, 0
2075, 0
2076, 0
2077, 0
2078, 0
2079, 0
2080, 0
2081, 0
2082, 0
2083, 0
2084, 0
2085, 0
2086, 0
2087, 0
2088, 0
2089, 0
2090, 0
2091, 0
2092, 0
2093, 0
2094, 0
2095, 0
2096, 0
2097, 0
2098, 0
2099, 0
2100, 0
2101, 0
2102, 0
2103, 0
2104, 0
2105, 0
2106, 0
2107, 0
2108, 0
2109, 0
2110, 0
2111, 0
2112, 0
2113, 0
2114, 0
2115, 0
2116, 0
2117, 0
2118, 0
2119, 0
2120, 0
2121, 0
2122, 0
2123, 0
2124, 0
2125, 0
2126, 0
2127, 0
2128, 0
2129, 0
2130, 0
2131, 0
2132, 0
2133, 0
2134, 0
2135, 0
2136, 0
2137, 0
2138, 0
2139, 0
2140, 0
2141, 0
2142, 0
2143, 0
2144, 0
2145, 0
2146, 0
2147, 0
2148, 0
2149, 0
2150, 0
2151, 0
2152, 0
2153, 0
2154, 0
2155, 0
2156, 0
2157, 0
2158, 0
2159, 0
2160, 0
2161, 0
2162, 0
2163, 0
2164, 0
2165, 0
2166, 0
2167, 0
2168, 0
2169, 0
2170, 0
2171, 0
2172, 0
2173, 0
2174, 0
2175, 0
2176, 0
2177, 0
2178, 0
2179, 0
2180, 0
2181, 0
2182, 0
2183, 0
2184, 0
2185, 0
2186, 0
2187, 0
2188, 0
2189, 0
2190, 0
2191, 0
2192, 0
2193, 0
2194, 0
2195, 0
2196, 0
2197, 0
2198, 0
2199, 0
2200, 0
2201, 0
2202, 0
2203, 0
2204, 0
2205, 0
2206, 0
2207, 0
2208, 0
2209, 0
2210, 0
2211, 0
2212, 0
2213, 0
2214, 0
2215, 0
2216, 0
2217, 0
2218, 0
2219, 0
2220, 0
2221, 0
2222, 0
2223, 0
2224, 0
2225, 0
2226, 0
2227, 0
2228, 0
2229, 0
2230, 0
2231, 0
2232, 0
2233, 0
2234, 0
2235, 0
2236, 0
2237, 0
2238, 0
2239, 0
2240, 0
2241, 0
2242, 0
2243, 0
2244, 0
2245, 0
2246, 0
2247, 0
2248, 0
2249, 0
2250, 0
2251, 0
2252, 0
2253, 0
2254, 0
2255, 0
2256, 0
2257, 0
2258, 0
2259, 0
2260, 0
2261, 0
2262, 0
2263, 0
2264, 0
2265, 0
2266, 0
2267, 0
2268, 0
2269, 0
2270, 0
2271, 0
2272, 0
2273, 0
2274, 0
2275, 0
2276, 0
2277, 0
2278, 0
2279, 0
2280, 0
2281, 0
2282, 0
2283, 0
2284, 0
2285, 0
2286, 0
2287, 0
2288, 0
2289, 0
2290, 0
2291, 0
2292, 0
2293, 0
2294, 0
2295, 0
2296, 0
2297, 0
2298, 0
2299, 0
2300, 0
2301, 0
2302, 0
2303, 0
2304, 0
2305, 0
2306, 0
2307, 0
2308, 0
2309, 0
2310, 0
2311, 0
2312, 0
2313, 0
2314, 0
2315, 0
2316, 0
2317, 0
2318, 0
2319, 0
2320, 0
2321, 0
2322, 0
2323, 0
2324, 0
2325, 0
2326, 0
2327, 0
2328, 0
2329, 0
2330, 0
2331, 0
2332, 0
2333, 0
2334, 0
2335, 0
2336, 0
2337, 0
2338, 0
2339, 0
2340, 0
2341, 0
2342, 0
2343, 0
2344, 0
2345, 0
2346, 0
2347, 0
2348, 0
2349, 0
2350, 0
2351, 0
2352, 0
2353, 0
2354, 0
2355, 0
2356, 0
2357, 0
2358, 0
2359, 0
2360, 0
2361, 0
2362, 0
2363, 0
2364, 0
2365, 0
2366, 0
2367, 0
2368, 0
2369, 0
2370, 0
2371, 0
2372, 0
2373, 0
2374, 0
2375, 0
2376, 0
2377, 0
2378, 0
2379, 0
2380, 0
2381, 0
2382, 0
2383, 0
2384, 0
2385, 0
2386, 0
2387, 0
2388, 0
2389, 0
2390, 0
2391, 0
2392, 0
2393, 0
2394, 0
2395, 0
2396, 0
2397, 0
2398, 0
2399, 0
2400, 0
2401, 0
2402, 0
2403, 0
2404, 0
2405, 0
2406, 0
2407, 0
2408, 0
2409, 0
2410, 0
2411, 0
2412, 0
2413, 0
2414, 0
2415, 0
2416, 0
2417, 0
2418, 0
2419, 0
2420, 0
2421, 0
2422, 0
2423, 0
2424, 0
2425, 0
2426, 0
2427, 0
2428, 0
2429, 0
2430, 0
2431, 0
2432, 0
2433, 0
2434, 0
2435, 0
2436, 0
2437, 0
2438, 0
2439, 0
2440, 0
2441, 0
2442, 0
2443, 0
2444, 0
2445, 0
2446, 0
2447, 0
2448, 0
2449, 0
2450, 0
2451, 0
2452, 0
2453, 0
2454, 0
2455, 0
2456, 0
2457, 0
2458, 0
2459, 0
2460, 0
2461, 0
2462, 0
2463, 0
2464, 0
2465, 0
2466, 0
2467, 0
2468, 0
2469, 0
2470, 0
2471, 0
2472, 0
2473, 0
2474, 0
2475, 0
2476, 0
2477, 0
2478, 0
2479, 0
2480, 0
2481, 0
2482, 0
2483, 0
2484, 0
2485, 0
2486, 0
2487, 0
2488, 0
2489, 0
2490, 0
2491, 0
2492, 0
2493, 0
2494, 0
2495, 0
2496, 0
2497, 0
2498, 0
2499, 0
2500, 0
2501, 0
2502, 0
2503, 0
2504, 0
2505, 0
2506, 0
2507, 0
2508, 0
2509, 0
2510, 0
2511, 0
2512, 0
2513, 0
2514, 0
2515, 0
2516, 0
2517, 0
2518, 0
2519, 0
2520, 0
2521, 0
2522, 0
2523, 0
2524, 0
2525, 0
2526, 0
2527, 0
2528, 0
2529, 0
2530, 0
2531, 0
2532, 0
2533, 0
2534, 0
2535, 0
2536, 0
2537, 0
2538, 0
2539, 0
2540, 0
2541, 0
2542, 0
2543, 0
2544, 0
2545, 0
2546, 0
2547, 0
2548, 0
2549, 0
2550, 0
2551, 0
2552, 0
2553, 0
2554, 0
2555, 0
2556, 0
2557, 0
2558, 0
2559, 0
2560, 0
2561, 0
2562, 0
2563, 0
2564, 0
2565, 0
2566, 0
2567, 0
2568, 0
2569, 0
2570, 0
2571, 0
2572, 0
2573, 0
2574, 0
2575, 0
2576, 0
2577, 0
2578, 0
2579, 0
2580, 0
2581, 0
2582, 0
2583, 0
2584, 0
2585, 0
2586, 0
2587, 0
2588, 0
2589, 0
2590, 0
2591, 0
2592, 0
2593, 0
2594, 0
2595, 0
2596, 0
2597, 0
2598, 0
2599, 0
2600, 0
2601, 0
2602, 0
2603, 0
2604, 0
2605, 0
2606, 0
2607, 0
2608, 0
2609, 0
2610, 0
2611, 0
2612, 0
2613, 0
2614, 0
2615, 0
2616, 0
2617, 0
2618, 0
2619, 0
2620, 0
2621, 0
2622, 0
2623, 0
2624, 0
2625, 0
2626, 0
2627, 0
2628, 0
2629, 0
2630, 0
2631, 0
2632, 0
2633, 0
2634, 0
2635, 0
2636, 0
2637, 0
2638, 0
2639, 0
2640, 0
2641, 0
2642, 0
2643, 0
2644, 0
2645, 0
2646, 0
2647, 0
2648, 0
2649, 0
2650, 0
2651, 0
2652, 0
2653, 0
2654, 0
2655, 0
2656, 0
2657, 0
2658, 0
2659, 0
2660, 0
2661, 0
2662, 0
2663, 0
2664, 0
2665, 0
2666, 0
2667, 0
2668, 0
2669, 0
2670, 0
2671, 0
2672, 0
2673, 0
2674, 0
2675, 0
2676, 0
2677, 0
2678, 0
2679, 0
2680, 0
2681, 0
2682, 0
2683, 0
2684, 0
2685, 0
2686, 0
2687, 0
2688, 0
2689, 0
2690, 0
2691, 0
2692, 0
2693, 0
2694, 0
2695, 0
2696, 0
2697, 0
2698, 0
2699, 0
2700, 0
2701, 0
2702, 0
2703, 0
2704, 0
2705, 0
2706, 0
2707, 0
2708, 0
2709, 0
2710, 0
2711, 0
2712, 0
2713, 0
2714, 0
2715, 0
2716, 0
2717, 0
2718, 0
2719, 0
2720, 0
2721, 0
2722, 0
2723, 0
2724, 0
2725, 0
2726, 0
2727, 0
2728, 0
2729, 0
2730, 0
2731, 0
2732, 0
2733, 0
2734, 0
2735, 0
2736, 0
2737, 0
2738, 0
2739, 0
2740, 0
2741, 0
2742, 0
2743, 0
2744, 0
2745, 0
2746, 0
2747, 0
2748, 0
2749, 0
2750, 0
2751, 0
2752, 0
2753, 0
2754, 0
2755, 0
2756, 0
2757, 0
2758, 0
2759, 0
2760, 0
2761, 0
2762, 0
2763, 0
2764, 0
2765, 0
2766, 0
2767, 0
2768, 0
2769, 0
2770, 0
2771, 0
2772, 0
2773, 0
2774, 0
2775, 0
2776, 0
2777, 0
2778, 0
2779, 0
2780, 0
2781, 0
2782, 0
2783, 0
2784, 0
2785, 0
2786, 0
2787, 0
2788, 0
2789, 0
2790, 0
2791, 0
2792, 0
2793, 0
2794, 0
2795, 0
2796, 0
2797, 0
2798, 0
2799, 0
2800, 0
2801, 0
2802, 0
2803, 0
2804, 0
2805, 0
2806, 0
2807, 0
2808, 0
2809, 0
2810, 0
2811, 0
2812, 0
2813, 0
2814, 0
2815, 0
2816, 0
2817, 0
2818, 0
2819, 0
2820, 0
2821, 0
2822, 0
2823, 0
2824, 0
2825, 0
2826, 0
2827, 0
2828, 0
2829, 0
2830, 0
2831, 0
2832, 0
2833, 0
2834, 0
2835, 0
2836, 0
2837, 0
2838, 0
2839, 0
2840, 0
2841, 0
2842, 0
2843, 0
2844, 0
2845, 0
2846, 0
2847, 0
2848, 0
2849, 0
2850, 0
2851, 0
2852, 0
2853, 0
2854, 0
2855, 0
2856, 0
2857, 0
2858, 0
2859, 0
2860, 0
2861, 0
2862, 0
2863, 0
2864, 0
2865, 0
2866, 0
2867, 0
2868, 0
2869, 0
2870, 0
2871, 0
2872, 0
2873, 0
2874, 0
2875, 0
2876, 0
2877, 0
2878, 0
2879, 0
2880, 0
2881, 0
2882, 0
2883, 0
2884, 0
2885, 0
2886, 0
2887, 0
2888, 0
2889, 0
2890, 0
2891, 0
2892, 0
2893, 0
2894, 0
2895, 0
2896, 0
2897, 0
2898, 0
2899, 0
2900, 0
2901, 0
2902, 0
2903, 0
2904, 0
2905, 0
2906, 0
2907, 0
2908, 0
2909, 0
2910, 0
2911, 0
2912, 0
2913, 0
2914, 0
2915, 0
2916, 0
2917, 0
2918, 0
2919, 0
2920, 0
2921, 0
2922, 0
2923, 0
2924, 0
2925, 0
2926, 0
2927, 0
2928, 0
2929, 0
2930, 0
2931, 0
2932, 0
2933, 0
2934, 0
2935, 0
2936, 0
2937, 0
2938, 0
2939, 0
2940, 0
2941, 0
2942, 0
2943, 0
2944, 0
2945, 0
2946, 0
2947, 0
2948, 0
2949, 0
2950, 0
2951, 0
2952, 0
2953, 0
2954, 0
2955, 0
2956, 0
2957, 0
2958, 0
2959, 0
2960, 0
2961, 0
2962, 0
2963, 0
2964, 0
2965, 0
2966, 0
2967, 0
2968, 0
2969, 0
2970, 0
2971, 0
2972, 0
2973, 0
2974, 0
2975, 0
2976, 0
2977, 0
2978, 0
2979, 0
2980, 0
2981, 0
2982, 0
2983, 0
2984, 0
2985, 0
2986, 0
2987, 0
2988, 0
2989, 0
2990, 0
2991, 0
2992, 0
2993, 0
2994, 0
2995, 0
2996, 0
2997, 0
2998, 0
2999, 0
3000, 0
3001, 0
3002, 0
3003, 0
3004, 0
3005, 0
3006, 0
3007, 0
3008, 0
3009, 0
3010, 0
3011, 0
3012, 0
3013, 0
3014, 0
3015, 0
3016, 0
3017, 0
3018, 0
3019, 0
3020, 0
3021, 0
3022, 0
3023, 0
3024, 0
3025, 0
3026, 0
3027, 0
3028, 0
3029, 0
3030, 0
3031, 0
3032, 0
3033, 0
3034, 0
3035, 0
3036, 0
3037, 0
3038, 0
3039, 0
3040, 0
3041, 0
3042, 0
3043, 0
3044, 0
3045, 0
3046, 0
3047, 0
3048, 0
3049, 0
3050, 0
3051, 0
3052, 0
3053, 0
3054, 0
3055, 0
3056, 0
3057, 0
3058, 0
3059, 0
3060, 0
3061, 0
3062, 0
3063, 0
3064, 0
3065, 0
3066, 0
3067, 0
3068, 0
3069, 0
3070, 0
3071, 0
3072, 0
3073, 0
3074, 0
3075, 0
3076, 0
3077, 0
3078, 0
3079, 0
3080, 0
3081, 0
3082, 0
3083, 0
3084, 0
3085, 0
3086, 0
3087, 0
3088, 0
3089, 0
3090, 0
3091, 0
3092, 0
3093, 0
3094, 0
3095, 0
3096, 0
3097, 0
3098, 0
3099, 0
3100, 0
3101, 0
3102, 0
3103, 0
3104, 0
3105, 0
3106, 0
3107, 0
3108, 0
3109, 0
3110, 0
3111, 0
3112, 0
3113, 0
3114, 0
3115, 0
3116, 0
3117, 0
3118, 0
3119, 0
3120, 0
3121, 0
3122, 0
3123, 0
3124, 0
3125, 0
3126, 0
3127, 0
3128, 0
3129, 0
3130, 0
3131, 0
3132, 0
3133, 0
3134, 0
3135, 0
3136, 0
3137, 0
3138, 0
3139, 0
3140, 0
3141, 0
3142, 0
3143, 0
3144, 0
3145, 0
3146, 0
3147, 0
3148, 0
3149, 0
3150, 0
3151, 0
3152, 0
3153, 0
3154, 0
3155, 0
3156, 0
3157, 0
3158, 0
3159, 0
3160, 0
3161, 0
3162, 0
3163, 0
3164, 0
3165, 0
3166, 0
3167, 0
3168, 0
3169, 0
3170, 0
3171, 0
3172, 0
3173, 0
3174, 0
3175, 0
3176, 0
3177, 0
3178, 0
3179, 0
3180, 0
3181, 0
3182, 0
3183, 0
3184, 0
3185, 0
3186, 0
3187, 0
3188, 0
3189, 0
3190, 0
3191, 0
3192, 0
3193, 0
3194, 0
3195, 0
3196, 0
3197, 0
3198, 0
3199, 0
3200, 0
3201, 0
3202, 0
3203, 0
3204, 0
3205, 0
3206, 0
3207, 0
3208, 0
3209, 0
3210, 0
3211, 0
3212, 0
3213, 0
3214, 0
3215, 0
3216, 0
3217, 0
3218, 0
3219, 0
3220, 0
3221, 0
3222, 0
3223, 0
3224, 0
3225, 0
3226, 0
3227, 0
3228, 0
3229, 0
3230, 0
3231, 0
3232, 0
3233, 0
3234, 0
3235, 0
3236, 0
3237, 0
3238, 0
3239, 0
3240, 0
3241, 0
3242, 0
3243, 0
3244, 0
3245, 0
3246, 0
3247, 0
3248, 0
3249, 0
3250, 0
3251, 0
3252, 0
3253, 0
3254, 0
3255, 0
3256, 0
3257, 0
3258, 0
3259, 0
3260, 0
3261, 0
3262, 0
3263, 0
3264, 0
3265, 0
3266, 0
3267, 0
3268, 0
3269, 0
3270, 0
3271, 0
3272, 0
3273, 0
3274, 0
3275, 0
3276, 0
3277, 0
3278, 0
3279, 0
3280, 0
3281, 0
3282, 0
3283, 0
3284, 0
3285, 0
3286, 0
3287, 0
3288, 0
3289, 0
3290, 0
3291, 0
3292, 0
3293, 0
3294, 0
3295, 0
3296, 0
3297, 0
3298, 0
3299, 0
3300, 0
3301, 0
3302, 0
3303, 0
3304, 0
3305, 0
3306, 0
3307, 0
3308, 0
3309, 0
3310, 0
3311, 0
3312, 0
3313, 0
3314, 0
3315, 0
3316, 0
3317, 0
3318, 0
3319, 0
3320, 0
3321, 0
3322, 0
3323, 0
3324, 0
3325, 0
3326, 0
3327, 0
3328, 0
3329, 0
3330, 0
3331, 0
3332, 0
3333, 0
3334, 0
3335, 0
3336, 0
3337, 0
3338, 0
3339, 0
3340, 0
3341, 0
3342, 0
3343, 0
3344, 0
3345, 0
3346, 0
3347, 0
3348, 0
3349, 0
3350, 0
3351, 0
3352, 0
3353, 0
3354, 0
3355, 0
3356, 0
3357, 0
3358, 0
3359, 0
3360, 0
3361, 0
3362, 0
3363, 0
3364, 0
3365, 0
3366, 0
3367, 0
3368, 0
3369, 0
3370, 0
3371, 0
3372, 0
3373, 0
3374, 0
3375, 0
3376, 0
3377, 0
3378, 0
3379, 0
3380, 0
3381, 0
3382, 0
3383, 0
3384, 0
3385, 0
3386, 0
3387, 0
3388, 0
3389, 0
3390, 0
3391, 0
3392, 0
3393, 0
3394, 0
3395, 0
3396, 0
3397, 0
3398, 0
3399, 0
3400, 0
3401, 0
3402, 0
3403, 0
3404, 0
3405, 0
3406, 0
3407, 0
3408, 0
3409, 0
3410, 0
3411, 0
3412, 0
3413, 0
3414, 0
3415, 0
3416, 0
3417, 0
3418, 0
3419, 0
3420, 0
3421, 0
3422, 0
3423, 0
3424, 0
3425, 0
3426, 0
3427, 0
3428, 0
3429, 0
3430, 0
3431, 0
3432, 0
3433, 0
3434, 0
3435, 0
3436, 0
3437, 0
3438, 0
3439, 0
3440, 0
3441, 0
3442, 0
3443, 0
3444, 0
3445, 0
3446, 0
3447, 0
3448, 0
3449, 0
3450, 0
3451, 0
3452, 0
3453, 0
3454, 0
3455, 0
3456, 0
3457, 0
3458, 0
3459, 0
3460, 0
3461, 0
3462, 0
3463, 0
3464, 0
3465, 0
3466, 0
3467, 0
3468, 0
3469, 0
3470, 0
3471, 0
3472, 0
3473, 0
3474, 0
3475, 0
3476, 0
3477, 0
3478, 0
3479, 0
3480, 0
3481, 0
3482, 0
3483, 0
3484, 0
3485, 0
3486, 0
3487, 0
3488, 0
3489, 0
3490, 0
3491, 0
3492, 0
3493, 0
3494, 0
3495, 0
3496, 0
3497, 0
3498, 0
3499, 0
3500, 0
3501, 0
3502, 0
3503, 0
3504, 0
3505, 0
3506, 0
3507, 0
3508, 0
3509, 0
3510, 0
3511, 0
3512, 0
3513, 0
3514, 0
3515, 0
3516, 0
3517, 0
3518, 0
3519, 0
3520, 0
3521, 0
3522, 0
3523, 0
3524, 0
3525, 0
3526, 0
3527, 0
3528, 0
3529, 0
3530, 0
3531, 0
3532, 0
3533, 0
3534, 0
3535, 0
3536, 0
3537, 0
3538, 0
3539, 0
3540, 0
3541, 0
3542, 0
3543, 0
3544, 0
3545, 0
3546, 0
3547, 0
3548, 0
3549, 0
3550, 0
3551, 0
3552, 0
3553, 0
3554, 0
3555, 0
3556, 0
3557, 0
3558, 0
3559, 0
3560, 0
3561, 0
3562, 0
3563, 0
3564, 0
3565, 0
3566, 0
3567, 0
3568, 0
3569, 0
3570, 0
3571, 0
3572, 0
3573, 0
3574, 0
3575, 0
3576, 0
3577, 0
3578, 0
3579, 0
3580, 0
3581, 0
3582, 0
