Hash value, Hash_Always1
0, 5
1, 2
2, 1
3, 3
4, 1
5, 3
6, 0
7, 0
8, 1
9, 2
10, 1
11, 4
12, 1
13, 3
14, 2
15, 2
16, 1
17, 0
18, 1
19, 1
20, 0
21, 2
22, 4
23, 2
24, 2
25, 1
26, 2
27, 4
28, 5
29, 3
30, 0
31, 1
32, 0
33, 1
34, 1
35, 4
36, 2
37, 3
38, 2
39, 0
40, 3
41, 0
42, 0
43, 3
44, 1
45, 3
46, 1
47, 1
48, 2
49, 3
50, 2
51, 1
52, 0
53, 2
54, 2
55, 2
56, 2
57, 1
58, 1
59, 0
60, 3
61, 3
62, 0
63, 2
64, 1
65, 1
66, 1
67, 1
68, 1
69, 4
70, 2
71, 1
72, 1
73, 3
74, 1
75, 1
76, 3
77, 1
78, 0
79, 0
80, 4
81, 0
82, 0
83, 1
84, 5
85, 1
86, 3
87, 2
88, 4
89, 0
90, 1
91, 3
92, 3
93, 2
94, 2
95, 1
96, 1
97, 0
98, 0
99, 2
100, 0
101, 2
102, 1
103, 0
104, 1
105, 3
106, 0
107, 2
108, 0
109, 1
110, 3
111, 0
112, 2
113, 1
114, 1
115, 1
116, 1
117, 2
118, 3
119, 0
120, 2
121, 0
122, 2
123, 0
124, 2
125, 2
126, 1
127, 0
128, 4
129, 3
130, 0
131, 1
132, 2
133, 4
134, 1
135, 2
136, 1
137, 4
138, 0
139, 3
140, 0
141, 1
142, 6
143, 2
144, 1
145, 3
146, 1
147, 0
148, 1
149, 3
150, 1
151, 1
152, 3
153, 4
154, 0
155, 3
156, 0
157, 4
158, 1
159, 2
160, 3
161, 2
162, 0
163, 2
164, 0
165, 1
166, 1
167, 1
168, 0
169, 4
170, 1
171, 1
172, 0
173, 0
174, 0
175, 1
176, 0
177, 1
178, 2
179, 0
180, 0
181, 2
182, 2
183, 0
184, 3
185, 0
186, 3
187, 1
188, 1
189, 1
190, 0
191, 1
192, 3
193, 1
194, 1
195, 2
196, 1
197, 0
198, 1
199, 1
200, 0
201, 1
202, 1
203, 1
204, 3
205, 1
206, 1
207, 2
208, 2
209, 2
210, 0
211, 3
212, 1
213, 1
214, 1
215, 4
216, 3
217, 3
218, 2
219, 1
220, 2
221, 3
222, 3
223, 1
224, 0
225, 2
226, 1
227, 0
228, 1
229, 0
230, 4
231, 1
232, 2
233, 1
234, 2
235, 1
236, 1
237, 1
238, 3
239, 1
240, 5
241, 1
242, 1
243, 3
244, 2
245, 1
246, 2
247, 1
248, 4
249, 1
250, 5
251, 1
252, 0
253, 3
254, 3
255, 0
256, 3
257, 2
258, 1
259, 3
260, 1
261, 1
262, 1
263, 1
264, 1
265, 0
266, 1
267, 2
268, 2
269, 1
270, 0
271, 1
272, 1
273, 0
274, 2
275, 2
276, 1
277, 2
278, 0
279, 0
280, 2
281, 2
282, 1
283, 0
284, 1
285, 0
286, 1
287, 1
288, 3
289, 2
290, 2
291, 1
292, 0
293, 2
294, 0
295, 2
296, 1
297, 0
298, 4
299, 3
300, 1
301, 0
302, 0
303, 0
304, 0
305, 0
306, 3
307, 1
308, 0
309, 1
310, 0
311, 1
312, 2
313, 0
314, 1
315, 0
316, 1
317, 2
318, 0
319, 3
320, 0
321, 1
322, 0
323, 0
324, 1
325, 0
326, 2
327, 0
328, 1
329, 1
330, 1
331, 3
332, 0
333, 0
334, 1
335, 0
336, 0
337, 0
338, 2
339, 3
340, 1
341, 2
342, 1
343, 1
344, 1
345, 1
346, 2
347, 2
348, 0
349, 2
350, 4
351, 1
352, 0
353, 1
354, 0
355, 1
356, 2
357, 0
358, 0
359, 1
360, 1
361, 2
362, 1
363, 2
364, 0
365, 0
366, 1
367, 3
368, 1
369, 3
370, 1
371, 3
372, 1
373, 3
374, 3
375, 0
376, 1
377, 3
378, 0
379, 4
380, 0
381, 3
382, 1
383, 1
384, 2
385, 2
386, 2
387, 1
388, 3
389, 1
390, 1
391, 1
392, 1
393, 2
394, 3
395, 3
396, 2
397, 1
398, 1
399, 1
400, 0
401, 1
402, 2
403, 0
404, 2
405, 2
406, 1
407, 2
408, 3
409, 2
410, 2
411, 0
412, 1
413, 0
414, 2
415, 1
416, 2
417, 2
418, 3
419, 2
420, 1
421, 7
422, 1
423, 0
424, 1
425, 1
426, 2
427, 2
428, 0
429, 4
430, 2
431, 3
432, 2
433, 4
434, 2
435, 1
436, 1
437, 3
438, 1
439, 1
440, 2
441, 0
442, 1
443, 1
444, 0
445, 3
446, 4
447, 2
448, 2
449, 3
450, 1
451, 1
452, 0
453, 1
454, 0
455, 2
456, 2
457, 2
458, 2
459, 1
460, 0
461, 0
462, 2
463, 1
464, 1
465, 1
466, 0
467, 3
468, 1
469, 1
470, 2
471, 3
472, 1
473, 2
474, 2
475, 0
476, 2
477, 3
478, 1
479, 1
480, 3
481, 3
482, 1
483, 2
484, 2
485, 0
486, 2
487, 1
488, 3
489, 1
490, 1
491, 0
492, 1
493, 0
494, 1
495, 2
496, 1
497, 4
498, 1
499, 1
500, 1
501, 1
502, 1
503, 1
504, 1
505, 5
506, 0
507, 1
508, 2
509, 2
510, 3
511, 2
512, 1
513, 3
514, 4
515, 2
516, 1
517, 3
518, 1
519, 4
520, 2
521, 4
522, 5
523, 0
524, 3
525, 0
526, 2
527, 0
528, 0
529, 2
530, 4
531, 2
532, 0
533, 3
534, 2
535, 2
536, 1
537, 2
538, 3
539, 2
540, 1
541, 3
542, 0
543, 3
544, 0
545, 0
546, 1
547, 3
548, 2
549, 1
550, 1
551, 4
552, 2
553, 1
554, 0
555, 0
556, 1
557, 2
558, 1
559, 3
560, 2
561, 1
562, 1
563, 0
564, 3
565, 1
566, 3
567, 2
568, 4
569, 1
570, 0
571, 1
572, 2
573, 2
574, 2
575, 3
576, 0
577, 1
578, 1
579, 3
580, 0
581, 3
582, 1
583, 2
584, 2
585, 1
586, 2
587, 1
588, 1
589, 1
590, 1
591, 1
592, 1
593, 0
594, 3
595, 2
596, 0
597, 3
598, 1
599, 0
600, 2
601, 5
602, 4
603, 1
604, 3
605, 1
606, 0
607, 2
608, 0
609, 2
610, 2
611, 2
612, 0
613, 1
614, 1
615, 1
616, 1
617, 1
618, 1
619, 1
620, 3
621, 1
622, 5
623, 1
624, 0
625, 3
626, 2
627, 4
628, 3
629, 2
630, 4
631, 0
632, 0
633, 2
634, 1
635, 3
636, 3
637, 2
638, 2
639, 2
640, 1
641, 1
642, 1
643, 2
644, 1
645, 1
646, 2
647, 3
648, 2
649, 2
650, 1
651, 2
652, 2
653, 2
654, 1
655, 1
656, 0
657, 1
658, 1
659, 4
660, 0
661, 2
662, 0
663, 0
664, 3
665, 1
666, 0
667, 1
668, 2
669, 4
670, 1
671, 0
672, 5
673, 2
674, 0
675, 1
676, 1
677, 1
678, 4
679, 0
680, 0
681, 1
682, 1
683, 3
684, 1
685, 3
686, 2
687, 0
688, 0
689, 2
690, 3
691, 2
692, 1
693, 3
694, 1
695, 2
696, 0
697, 3
698, 0
699, 1
700, 2
701, 1
702, 0
703, 0
704, 0
705, 2
706, 2
707, 2
708, 1
709, 2
710, 5
711, 1
712, 2
713, 1
714, 1
715, 2
716, 2
717, 2
718, 1
719, 0
720, 0
721, 4
722, 1
723, 3
724, 1
725, 0
726, 2
727, 3
728, 2
729, 0
730, 2
731, 2
732, 2
733, 2
734, 0
735, 2
736, 3
737, 1
738, 1
739, 4
740, 0
741, 1
742, 2
743, 1
744, 2
745, 1
746, 4
747, 0
748, 2
749, 0
750, 1
751, 1
752, 5
753, 1
754, 2
755, 0
756, 1
757, 2
758, 2
759, 1
760, 3
761, 2
762, 0
763, 2
764, 0
765, 3
766, 0
767, 3
768, 2
769, 1
770, 2
771, 4
772, 3
773, 1
774, 0
775, 0
776, 0
777, 2
778, 3
779, 1
780, 0
781, 0
782, 1
783, 5
784, 1
785, 2
786, 2
787, 1
788, 2
789, 0
790, 1
791, 1
792, 3
793, 2
794, 3
795, 0
796, 2
797, 2
798, 1
799, 6
800, 2
801, 2
802, 0
803, 2
804, 3
805, 1
806, 0
807, 0
808, 2
809, 2
810, 0
811, 2
812, 1
813, 1
814, 3
815, 2
816, 0
817, 0
818, 0
819, 1
820, 0
821, 2
822, 0
823, 1
824, 3
825, 0
826, 1
827, 0
828, 2
829, 2
830, 1
831, 0
832, 1
833, 3
834, 1
835, 2
836, 2
837, 4
838, 1
839, 4
840, 2
841, 1
842, 1
843, 4
844, 2
845, 2
846, 2
847, 2
848, 0
849, 1
850, 0
851, 3
852, 2
853, 1
854, 1
855, 1
856, 1
857, 0
858, 0
859, 1
860, 3
861, 1
862, 2
863, 0
864, 1
865, 6
866, 1
867, 5
868, 0
869, 3
870, 1
871, 2
872, 1
873, 1
874, 3
875, 4
876, 2
877, 0
878, 1
879, 0
880, 3
881, 0
882, 2
883, 2
884, 0
885, 1
886, 1
887, 2
888, 2
889, 1
890, 2
891, 4
892, 4
893, 1
894, 0
895, 0
896, 2
897, 1
898, 1
899, 0
900, 1
901, 2
902, 2
903, 3
904, 1
905, 1
906, 4
907, 3
908, 3
909, 2
910, 1
911, 1
912, 0
913, 0
914, 2
915, 1
916, 0
917, 1
918, 2
919, 4
920, 1
921, 1
922, 1
923, 2
924, 2
925, 1
926, 1
927, 1
928, 1
929, 2
930, 4
931, 2
932, 1
933, 1
934, 1
935, 1
936, 4
937, 1
938, 1
939, 2
940, 1
941, 1
942, 2
943, 0
944, 1
945, 2
946, 2
947, 1
948, 0
949, 2
950, 4
951, 1
952, 0
953, 1
954, 0
955, 0
956, 1
957, 1
958, 3
959, 4
960, 3
961, 1
962, 3
963, 0
964, 1
965, 0
966, 1
967, 1
968, 3
969, 2
970, 0
971, 1
972, 1
973, 2
974, 0
975, 2
976, 1
977, 0
978, 0
979, 0
980, 1
981, 1
982, 0
983, 0
984, 3
985, 1
986, 3
987, 2
988, 0
989, 0
990, 1
991, 4
992, 0
993, 1
994, 0
995, 2
996, 1
997, 1
998, 1
999, 1
1000, 6
1001, 2
1002, 2
1003, 1
1004, 0
1005, 1
1006, 1
1007, 2
1008, 2
1009, 0
1010, 0
1011, 1
1012, 0
1013, 1
1014, 2
1015, 3
1016, 1
1017, 1
1018, 0
1019, 2
1020, 2
1021, 2
1022, 0
1023, 3
1024, 3
1025, 1
1026, 1
1027, 1
1028, 0
1029, 3
1030, 3
1031, 2
1032, 2
1033, 2
1034, 1
1035, 2
1036, 5
1037, 3
1038, 2
1039, 3
1040, 2
1041, 4
1042, 2
1043, 2
1044, 2
1045, 0
1046, 1
1047, 1
1048, 3
1049, 2
1050, 4
1051, 0
1052, 1
1053, 1
1054, 2
1055, 2
1056, 4
1057, 2
1058, 2
1059, 1
1060, 3
1061, 2
1062, 1
1063, 0
1064, 0
1065, 2
1066, 2
1067, 0
1068, 2
1069, 1
1070, 2
1071, 0
1072, 4
1073, 1
1074, 3
1075, 0
1076, 2
1077, 3
1078, 3
1079, 2
1080, 3
1081, 3
1082, 4
1083, 4
1084, 1
1085, 0
1086, 1
1087, 3
1088, 3
1089, 2
1090, 2
1091, 2
1092, 0
1093, 2
1094, 2
1095, 3
1096, 1
1097, 0
1098, 1
1099, 3
1100, 1
1101, 2
1102, 3
1103, 2
1104, 1
1105, 3
1106, 2
1107, 2
1108, 1
1109, 0
1110, 4
1111, 1
1112, 0
1113, 1
1114, 2
1115, 3
1116, 0
1117, 0
1118, 1
1119, 3
1120, 2
1121, 1
1122, 0
1123, 3
1124, 3
1125, 7
1126, 2
1127, 1
1128, 4
1129, 3
1130, 5
1131, 1
1132, 4
1133, 2
1134, 1
1135, 2
1136, 1
1137, 1
1138, 0
1139, 1
1140, 1
1141, 0
1142, 2
1143, 3
1144, 3
1145, 1
1146, 2
1147, 1
1148, 1
1149, 1
1150, 1
1151, 0
1152, 0
1153, 0
1154, 4
1155, 0
1156, 1
1157, 1
1158, 0
1159, 0
1160, 2
1161, 1
1162, 2
1163, 3
1164, 3
1165, 1
1166, 6
1167, 2
1168, 2
1169, 1
1170, 1
1171, 3
1172, 1
1173, 1
1174, 1
1175, 1
1176, 0
1177, 3
1178, 0
1179, 2
1180, 0
1181, 2
1182, 1
1183, 0
1184, 1
1185, 1
1186, 1
1187, 2
1188, 2
1189, 1
1190, 2
1191, 0
1192, 1
1193, 1
1194, 2
1195, 1
1196, 0
1197, 0
1198, 2
1199, 2
1200, 3
1201, 1
1202, 0
1203, 2
1204, 2
1205, 3
1206, 2
1207, 1
1208, 1
1209, 2
1210, 0
1211, 3
1212, 2
1213, 2
1214, 3
1215, 1
1216, 3
1217, 1
1218, 0
1219, 3
1220, 0
1221, 1
1222, 2
1223, 2
1224, 2
1225, 1
1226, 2
1227, 3
1228, 3
1229, 3
1230, 3
1231, 1
1232, 2
1233, 2
1234, 2
1235, 1
1236, 1
1237, 2
1238, 1
1239, 3
1240, 0
1241, 2
1242, 1
1243, 2
1244, 1
1245, 2
1246, 2
1247, 1
1248, 2
1249, 0
1250, 1
1251, 3
1252, 2
1253, 4
1254, 1
1255, 1
1256, 4
1257, 2
1258, 2
1259, 0
1260, 2
1261, 0
1262, 1
1263, 3
1264, 0
1265, 0
1266, 3
1267, 2
1268, 1
1269, 3
1270, 1
1271, 1
1272, 3
1273, 1
1274, 5
1275, 1
1276, 1
1277, 3
1278, 2
1279, 0
1280, 3
1281, 1
1282, 2
1283, 0
1284, 0
1285, 2
1286, 0
1287, 5
1288, 3
1289, 1
1290, 0
1291, 0
1292, 2
1293, 1
1294, 1
1295, 1
1296, 1
1297, 1
1298, 3
1299, 1
1300, 0
1301, 4
1302, 1
1303, 0
1304, 1
1305, 2
1306, 0
1307, 0
1308, 0
1309, 1
1310, 2
1311, 5
1312, 3
1313, 1
1314, 4
1315, 1
1316, 0
1317, 0
1318, 3
1319, 2
1320, 1
1321, 1
1322, 2
1323, 0
1324, 1
1325, 1
1326, 1
1327, 5
1328, 3
1329, 5
1330, 5
1331, 4
1332, 1
1333, 1
1334, 1
1335, 3
1336, 0
1337, 2
1338, 2
1339, 1
1340, 2
1341, 0
1342, 1
1343, 0
1344, 0
1345, 3
1346, 2
1347, 3
1348, 2
1349, 1
1350, 1
1351, 1
1352, 2
1353, 2
1354, 3
1355, 1
1356, 0
1357, 2
1358, 1
1359, 0
1360, 1
1361, 3
1362, 1
1363, 2
1364, 0
1365, 2
1366, 2
1367, 4
1368, 4
1369, 2
1370, 2
1371, 2
1372, 1
1373, 0
1374, 4
1375, 2
1376, 2
1377, 1
1378, 1
1379, 1
1380, 1
1381, 1
1382, 0
1383, 1
1384, 3
1385, 0
1386, 3
1387, 3
1388, 1
1389, 2
1390, 2
1391, 0
1392, 4
1393, 1
1394, 1
1395, 0
1396, 0
1397, 1
1398, 0
1399, 0
1400, 3
1401, 0
1402, 0
1403, 2
1404, 4
1405, 2
1406, 2
1407, 2
1408, 0
1409, 1
1410, 1
1411, 2
1412, 2
1413, 2
1414, 0
1415, 1
1416, 2
1417, 2
1418, 1
1419, 3
1420, 2
1421, 2
1422, 1
1423, 2
1424, 1
1425, 1
1426, 3
1427, 4
1428, 1
1429, 3
1430, 2
1431, 2
1432, 5
1433, 0
1434, 2
1435, 1
1436, 0
1437, 2
1438, 2
1439, 2
1440, 2
1441, 1
1442, 1
1443, 1
1444, 4
1445, 0
1446, 2
1447, 1
1448, 1
1449, 3
1450, 0
1451, 1
1452, 2
1453, 1
1454, 3
1455, 4
1456, 1
1457, 2
1458, 2
1459, 3
1460, 2
1461, 2
1462, 4
1463, 1
1464, 1
1465, 2
1466, 3
1467, 4
1468, 1
1469, 0
1470, 2
1471, 2
1472, 0
1473, 3
1474, 1
1475, 0
1476, 3
1477, 0
1478, 1
1479, 1
1480, 2
1481, 0
1482, 0
1483, 1
1484, 1
1485, 1
1486, 1
1487, 1
1488, 2
1489, 0
1490, 2
1491, 3
1492, 0
1493, 2
1494, 2
1495, 2
1496, 1
1497, 2
1498, 4
1499, 0
1500, 5
1501, 2
1502, 1
1503, 1
1504, 1
1505, 0
1506, 6
1507, 0
1508, 3
1509, 1
1510, 3
1511, 3
1512, 2
1513, 0
1514, 3
1515, 2
1516, 2
1517, 1
1518, 2
1519, 1
1520, 1
1521, 0
1522, 0
1523, 2
1524, 2
1525, 1
1526, 2
1527, 2
1528, 1
1529, 1
1530, 1
1531, 1
1532, 1
1533, 0
1534, 0
1535, 1
1536, 3
1537, 1
1538, 2
1539, 2
1540, 1
1541, 2
1542, 0
1543, 0
1544, 3
1545, 3
1546, 3
1547, 1
1548, 0
1549, 1
1550, 1
1551, 3
1552, 0
1553, 1
1554, 0
1555, 1
1556, 4
1557, 1
1558, 0
1559, 1
1560, 0
1561, 3
1562, 2
1563, 1
1564, 4
1565, 0
1566, 2
1567, 1
1568, 2
1569, 4
1570, 1
1571, 3
1572, 0
1573, 1
1574, 2
1575, 1
1576, 3
1577, 1
1578, 3
1579, 0
1580, 0
1581, 1
1582, 2
1583, 0
1584, 0
1585, 0
1586, 2
1587, 1
1588, 1
1589, 4
1590, 1
1591, 2
1592, 2
1593, 2
1594, 1
1595, 3
1596, 1
1597, 3
1598, 0
1599, 1
1600, 0
1601, 2
1602, 3
1603, 1
1604, 2
1605, 1
1606, 0
1607, 2
1608, 4
1609, 1
1610, 3
1611, 2
1612, 1
1613, 2
1614, 1
1615, 0
1616, 0
1617, 0
1618, 1
1619, 4
1620, 1
1621, 2
1622, 1
1623, 1
1624, 3
1625, 2
1626, 3
1627, 1
1628, 0
1629, 1
1630, 2
1631, 2
1632, 2
1633, 2
1634, 0
1635, 1
1636, 2
1637, 2
1638, 1
1639, 3
1640, 2
1641, 3
1642, 0
1643, 1
1644, 1
1645, 2
1646, 2
1647, 2
1648, 1
1649, 2
1650, 1
1651, 3
1652, 2
1653, 1
1654, 4
1655, 3
1656, 2
1657, 0
1658, 1
1659, 2
1660, 3
1661, 1
1662, 0
1663, 0
1664, 1
1665, 1
1666, 2
1667, 3
1668, 0
1669, 3
1670, 2
1671, 1
1672, 3
1673, 0
1674, 2
1675, 1
1676, 1
1677, 1
1678, 2
1679, 5
1680, 1
1681, 2
1682, 1
1683, 0
1684, 2
1685, 1
1686, 0
1687, 1
1688, 4
1689, 5
1690, 1
1691, 3
1692, 1
1693, 2
1694, 0
1695, 3
1696, 1
1697, 2
1698, 0
1699, 2
1700, 1
1701, 1
1702, 2
1703, 1
1704, 1
1705, 0
1706, 0
1707, 2
1708, 2
1709, 3
1710, 2
1711, 3
1712, 0
1713, 2
1714, 2
1715, 2
1716, 1
1717, 2
1718, 2
1719, 0
1720, 1
1721, 1
1722, 2
1723, 0
1724, 0
1725, 1
1726, 2
1727, 0
1728, 0
1729, 0
1730, 1
1731, 4
1732, 5
1733, 2
1734, 3
1735, 1
1736, 0
1737, 1
1738, 3
1739, 2
1740, 0
1741, 0
1742, 2
1743, 1
1744, 0
1745, 0
1746, 2
1747, 0
1748, 2
1749, 1
1750, 5
1751, 1
1752, 0
1753, 2
1754, 1
1755, 0
1756, 0
1757, 0
1758, 0
1759, 1
1760, 0
1761, 1
1762, 2
1763, 1
1764, 1
1765, 1
1766, 2
1767, 1
1768, 1
1769, 1
1770, 1
1771, 3
1772, 3
1773, 0
1774, 1
1775, 1
1776, 2
1777, 2
1778, 3
1779, 0
1780, 0
1781, 2
1782, 2
1783, 1
1784, 1
1785, 2
1786, 1
1787, 1
1788, 1
1789, 1
1790, 4
1791, 1
1792, 1
1793, 0
1794, 0
1795, 0
1796, 0
1797, 1
1798, 1
1799, 1
1800, 2
1801, 1
1802, 4
1803, 0
1804, 2
1805, 2
1806, 1
1807, 0
1808, 1
1809, 1
1810, 1
1811, 2
1812, 0
1813, 0
1814, 0
1815, 2
1816, 1
1817, 0
1818, 2
1819, 2
1820, 0
1821, 1
1822, 2
1823, 2
1824, 0
1825, 1
1826, 2
1827, 0
1828, 0
1829, 5
1830, 1
1831, 4
1832, 3
1833, 2
1834, 4
1835, 0
1836, 3
1837, 4
1838, 0
1839, 1
1840, 0
1841, 3
1842, 1
1843, 2
1844, 1
1845, 1
1846, 3
1847, 2
1848, 1
1849, 4
1850, 3
1851, 1
1852, 4
1853, 2
1854, 0
1855, 5
1856, 1
1857, 4
1858, 1
1859, 5
1860, 3
1861, 2
1862, 2
1863, 2
1864, 1
1865, 2
1866, 2
1867, 0
1868, 1
1869, 1
1870, 1
1871, 1
1872, 1
1873, 1
1874, 1
1875, 3
1876, 1
1877, 0
1878, 2
1879, 0
1880, 2
1881, 3
1882, 2
1883, 3
1884, 2
1885, 3
1886, 0
1887, 3
1888, 1
1889, 2
1890, 1
1891, 3
1892, 0
1893, 1
1894, 3
1895, 1
1896, 1
1897, 1
1898, 1
1899, 2
1900, 1
1901, 1
1902, 2
1903, 5
1904, 0
1905, 0
1906, 1
1907, 4
1908, 2
1909, 0
1910, 1
1911, 4
1912, 2
1913, 0
1914, 1
1915, 1
1916, 1
1917, 0
1918, 3
1919, 4
1920, 1
1921, 0
1922, 2
1923, 2
1924, 2
1925, 2
1926, 3
1927, 0
1928, 3
1929, 1
1930, 1
1931, 3
1932, 1
1933, 3
1934, 0
1935, 1
1936, 0
1937, 1
1938, 0
1939, 3
1940, 0
1941, 1
1942, 1
1943, 1
1944, 2
1945, 0
1946, 1
1947, 0
1948, 1
1949, 1
1950, 1
1951, 2
1952, 1
1953, 1
1954, 1
1955, 1
1956, 2
1957, 1
1958, 0
1959, 2
1960, 1
1961, 3
1962, 1
1963, 4
1964, 2
1965, 1
1966, 4
1967, 5
1968, 0
1969, 3
1970, 0
1971, 2
1972, 0
1973, 2
1974, 0
1975, 3
1976, 0
1977, 2
1978, 3
1979, 1
1980, 1
1981, 2
1982, 1
1983, 2
1984, 0
1985, 2
1986, 2
1987, 2
1988, 1
1989, 3
1990, 2
1991, 3
1992, 4
1993, 2
1994, 1
1995, 2
1996, 2
1997, 1
1998, 1
1999, 0
2000, 2
2001, 2
2002, 4
2003, 2
2004, 0
2005, 3
2006, 1
2007, 2
2008, 3
2009, 1
2010, 0
2011, 0
2012, 1
2013, 0
2014, 2
2015, 1
2016, 3
2017, 0
2018, 0
2019, 1
2020, 1
2021, 2
2022, 3
2023, 1
2024, 1
2025, 2
2026, 0
2027, 4
2028, 2
2029, 1
2030, 2
2031, 2
2032, 0
2033, 2
2034, 5
2035, 1
2036, 2
2037, 4
2038, 3
2039, 2
2040, 1
2041, 1
2042, 3
2043, 1
2044, 0
2045, 1
2046, 2
2047, 0
2048, 1
2049, 4
2050, 2
2051, 0
2052, 1
2053, 0
2054, 1
2055, 3
2056, 3
2057, 1
2058, 2
2059, 0
2060, 2
2061, 0
2062, 2
2063, 1
2064, 4
2065, 0
2066, 1
2067, 3
2068, 3
2069, 0
2070, 1
2071, 1
2072, 2
2073, 0
2074, 1
2075, 2
2076, 2
2077, 1
2078, 2
2079, 0
2080, 3
2081, 1
2082, 2
2083, 1
2084, 0
2085, 4
2086, 2
2087, 4
2088, 1
2089, 3
2090, 0
2091, 1
2092, 1
2093, 0
2094, 0
2095, 1
2096, 0
2097, 0
2098, 0
2099, 2
2100, 3
2101, 1
2102, 1
2103, 1
2104, 0
2105, 1
2106, 0
2107, 0
2108, 1
2109, 0
2110, 0
2111, 2
2112, 2
2113, 2
2114, 0
2115, 0
2116, 2
2117, 3
2118, 1
2119, 0
2120, 1
2121, 5
2122, 1
2123, 3
2124, 1
2125, 1
2126, 1
2127, 3
2128, 1
2129, 0
2130, 1
2131, 1
2132, 2
2133, 2
2134, 2
2135, 0
2136, 4
2137, 3
2138, 4
2139, 1
2140, 2
2141, 1
2142, 0
2143, 1
2144, 0
2145, 0
2146, 1
2147, 2
2148, 1
2149, 4
2150, 2
2151, 2
2152, 0
2153, 1
2154, 0
2155, 0
2156, 2
2157, 2
2158, 2
2159, 1
2160, 2
2161, 1
2162, 1
2163, 2
2164, 2
2165, 2
2166, 0
2167, 1
2168, 1
2169, 1
2170, 1
2171, 2
2172, 1
2173, 0
2174, 1
2175, 1
2176, 1
2177, 1
2178, 1
2179, 2
2180, 2
2181, 2
2182, 1
2183, 0
2184, 4
2185, 4
2186, 1
2187, 1
2188, 0
2189, 0
2190, 2
2191, 3
2192, 1
2193, 0
2194, 5
2195, 1
2196, 3
2197, 1
2198, 5
2199, 2
2200, 1
2201, 1
2202, 1
2203, 1
2204, 2
2205, 1
2206, 1
2207, 0
2208, 2
2209, 3
2210, 2
2211, 2
2212, 1
2213, 1
2214, 0
2215, 8
2216, 3
2217, 1
2218, 0
2219, 1
2220, 2
2221, 3
2222, 1
2223, 2
2224, 3
2225, 2
2226, 3
2227, 1
2228, 1
2229, 0
2230, 0
2231, 4
2232, 1
2233, 2
2234, 1
2235, 2
2236, 1
2237, 1
2238, 1
2239, 4
2240, 1
2241, 1
2242, 2
2243, 3
2244, 1
2245, 1
2246, 3
2247, 4
2248, 0
2249, 0
2250, 4
2251, 0
2252, 1
2253, 2
2254, 5
2255, 1
2256, 0
2257, 1
2258, 1
2259, 1
2260, 5
2261, 3
2262, 2
2263, 1
2264, 0
2265, 2
2266, 2
2267, 3
2268, 1
2269, 1
2270, 1
2271, 0
2272, 0
2273, 1
2274, 2
2275, 1
2276, 2
2277, 2
2278, 0
2279, 2
2280, 4
2281, 1
2282, 0
2283, 3
2284, 2
2285, 1
2286, 0
2287, 1
2288, 2
2289, 1
2290, 2
2291, 3
2292, 3
2293, 4
2294, 1
2295, 3
2296, 4
2297, 4
2298, 1
2299, 0
2300, 1
2301, 1
2302, 1
2303, 0
2304, 1
2305, 1
2306, 0
2307, 5
2308, 2
2309, 2
2310, 2
2311, 1
2312, 1
2313, 0
2314, 1
2315, 2
2316, 1
2317, 1
2318, 0
2319, 1
2320, 3
2321, 1
2322, 1
2323, 2
2324, 2
2325, 3
2326, 0
2327, 4
2328, 1
2329, 0
2330, 3
2331, 0
2332, 2
2333, 3
2334, 1
2335, 1
2336, 0
2337, 2
2338, 0
2339, 3
2340, 1
2341, 0
2342, 3
2343, 2
2344, 0
2345, 1
2346, 1
2347, 1
2348, 0
2349, 1
2350, 2
2351, 2
2352, 0
2353, 0
2354, 1
2355, 3
2356, 0
2357, 3
2358, 2
2359, 3
2360, 0
2361, 1
2362, 2
2363, 1
2364, 2
2365, 3
2366, 0
2367, 3
2368, 2
2369, 0
2370, 4
2371, 1
2372, 1
2373, 1
2374, 1
2375, 1
2376, 0
2377, 1
2378, 2
2379, 3
2380, 2
2381, 2
2382, 1
2383, 4
2384, 3
2385, 1
2386, 0
2387, 1
2388, 2
2389, 1
2390, 1
2391, 0
2392, 3
2393, 1
2394, 4
2395, 2
2396, 1
2397, 1
2398, 2
2399, 2
2400, 2
2401, 2
2402, 2
2403, 2
2404, 4
2405, 0
2406, 0
2407, 1
2408, 1
2409, 1
2410, 0
2411, 4
2412, 1
2413, 0
2414, 1
2415, 6
2416, 2
2417, 4
2418, 2
2419, 0
2420, 3
2421, 0
2422, 2
2423, 1
2424, 4
2425, 1
2426, 3
2427, 1
2428, 5
2429, 1
2430, 1
2431, 2
2432, 1
2433, 1
2434, 0
2435, 0
2436, 0
2437, 0
2438, 1
2439, 2
2440, 1
2441, 2
2442, 1
2443, 2
2444, 1
2445, 1
2446, 1
2447, 0
2448, 4
2449, 2
2450, 1
2451, 3
2452, 0
2453, 3
2454, 3
2455, 1
2456, 3
2457, 3
2458, 3
2459, 4
2460, 1
2461, 2
2462, 3
2463, 1
2464, 2
2465, 3
2466, 4
2467, 0
2468, 1
2469, 1
2470, 3
2471, 4
2472, 2
2473, 0
2474, 2
2475, 2
2476, 2
2477, 1
2478, 0
2479, 2
2480, 4
2481, 0
2482, 0
2483, 0
2484, 2
2485, 2
2486, 0
2487, 1
2488, 2
2489, 4
2490, 2
2491, 2
2492, 2
2493, 0
2494, 0
2495, 0
2496, 1
2497, 1
2498, 3
2499, 5
2500, 1
2501, 4
2502, 0
2503, 1
2504, 3
2505, 2
2506, 3
2507, 0
2508, 0
2509, 4
2510, 2
2511, 3
2512, 1
2513, 2
2514, 2
2515, 1
2516, 2
2517, 3
2518, 1
2519, 1
2520, 3
2521, 1
2522, 1
2523, 1
2524, 1
2525, 5
2526, 1
2527, 1
2528, 1
2529, 2
2530, 1
2531, 1
2532, 2
2533, 1
2534, 1
2535, 2
2536, 0
2537, 2
2538, 1
2539, 2
2540, 2
2541, 0
2542, 3
2543, 2
2544, 0
2545, 1
2546, 2
2547, 1
2548, 2
2549, 2
2550, 0
2551, 1
2552, 2
2553, 0
2554, 0
2555, 1
2556, 3
2557, 1
2558, 1
2559, 3
2560, 0
2561, 1
2562, 0
2563, 1
2564, 0
2565, 0
2566, 2
2567, 0
2568, 5
2569, 3
2570, 1
2571, 4
2572, 0
2573, 0
2574, 2
2575, 0
2576, 0
2577, 1
2578, 2
2579, 2
2580, 1
2581, 1
2582, 3
2583, 2
2584, 1
2585, 2
2586, 2
2587, 0
2588, 1
2589, 4
2590, 1
2591, 2
2592, 1
2593, 0
2594, 3
2595, 1
2596, 1
2597, 0
2598, 1
2599, 2
2600, 0
2601, 4
2602, 2
2603, 3
2604, 4
2605, 2
2606, 1
2607, 2
2608, 1
2609, 1
2610, 2
2611, 2
2612, 3
2613, 0
2614, 1
2615, 1
2616, 1
2617, 2
2618, 3
2619, 2
2620, 3
2621, 2
2622, 1
2623, 1
2624, 0
2625, 3
2626, 3
2627, 0
2628, 2
2629, 2
2630, 0
2631, 0
2632, 0
2633, 2
2634, 2
2635, 1
2636, 1
2637, 1
2638, 0
2639, 1
2640, 1
2641, 1
2642, 3
2643, 3
2644, 4
2645, 4
2646, 4
2647, 1
2648, 0
2649, 3
2650, 1
2651, 1
2652, 2
2653, 2
2654, 0
2655, 1
2656, 3
2657, 0
2658, 2
2659, 1
2660, 4
2661, 2
2662, 1
2663, 1
2664, 1
2665, 0
2666, 0
2667, 5
2668, 2
2669, 1
2670, 2
2671, 1
2672, 2
2673, 0
2674, 3
2675, 2
2676, 1
2677, 0
2678, 1
2679, 1
2680, 1
2681, 1
2682, 2
2683, 1
2684, 3
2685, 2
2686, 3
2687, 1
2688, 2
2689, 2
2690, 2
2691, 0
2692, 1
2693, 3
2694, 1
2695, 0
2696, 1
2697, 2
2698, 1
2699, 1
2700, 1
2701, 1
2702, 2
2703, 2
2704, 1
2705, 0
2706, 1
2707, 3
2708, 0
2709, 3
2710, 1
2711, 1
2712, 1
2713, 1
2714, 5
2715, 2
2716, 0
2717, 1
2718, 0
2719, 1
2720, 2
2721, 1
2722, 3
2723, 0
2724, 2
2725, 0
2726, 1
2727, 2
2728, 1
2729, 4
2730, 1
2731, 0
2732, 0
2733, 3
2734, 1
2735, 2
2736, 1
2737, 2
2738, 2
2739, 0
2740, 1
2741, 2
2742, 1
2743, 1
2744, 0
2745, 3
2746, 0
2747, 2
2748, 0
2749, 0
2750, 3
2751, 2
2752, 1
2753, 2
2754, 1
2755, 1
2756, 1
2757, 2
2758, 2
2759, 5
2760, 1
2761, 1
2762, 3
2763, 1
2764, 1
2765, 1
2766, 3
2767, 0
2768, 0
2769, 0
2770, 2
2771, 1
2772, 2
2773, 0
2774, 0
2775, 1
2776, 0
2777, 4
2778, 0
2779, 0
2780, 0
2781, 3
2782, 0
2783, 3
2784, 2
2785, 3
2786, 1
2787, 0
2788, 1
2789, 3
2790, 2
2791, 2
2792, 1
2793, 3
2794, 3
2795, 0
2796, 1
2797, 2
2798, 2
2799, 2
2800, 2
2801, 0
2802, 0
2803, 1
2804, 1
2805, 0
2806, 2
2807, 1
2808, 3
2809, 1
2810, 0
2811, 1
2812, 0
2813, 0
2814, 1
2815, 0
2816, 1
2817, 2
2818, 2
2819, 0
2820, 1
2821, 2
2822, 1
2823, 4
2824, 2
2825, 1
2826, 1
2827, 0
2828, 0
2829, 2
2830, 1
2831, 1
2832, 3
2833, 0
2834, 0
2835, 2
2836, 3
2837, 0
2838, 2
2839, 0
2840, 2
2841, 0
2842, 1
2843, 0
2844, 3
2845, 1
2846, 1
2847, 2
2848, 0
2849, 2
2850, 1
2851, 2
2852, 2
2853, 0
2854, 0
2855, 3
2856, 1
2857, 1
2858, 3
2859, 1
2860, 3
2861, 3
2862, 3
2863, 2
2864, 1
2865, 3
2866, 2
2867, 3
2868, 1
2869, 5
2870, 3
2871, 2
2872, 2
2873, 1
2874, 2
2875, 1
2876, 2
2877, 1
2878, 0
2879, 2
2880, 3
2881, 2
2882, 0
2883, 2
2884, 2
2885, 5
2886, 1
2887, 2
2888, 0
2889, 3
2890, 2
2891, 1
2892, 0
2893, 1
2894, 3
2895, 0
2896, 1
2897, 0
2898, 2
2899, 2
2900, 1
2901, 2
2902, 2
2903, 2
2904, 1
2905, 0
2906, 1
2907, 1
2908, 5
2909, 3
2910, 2
2911, 3
2912, 2
2913, 1
2914, 3
2915, 2
2916, 3
2917, 0
2918, 0
2919, 1
2920, 3
2921, 3
2922, 0
2923, 3
2924, 2
2925, 1
2926, 1
2927, 3
2928, 2
2929, 1
2930, 1
2931, 0
2932, 2
2933, 2
2934, 1
2935, 1
2936, 3
2937, 4
2938, 0
2939, 0
2940, 2
2941, 0
2942, 0
2943, 1
2944, 4
2945, 1
2946, 3
2947, 2
2948, 2
2949, 3
2950, 0
2951, 4
2952, 1
2953, 1
2954, 1
2955, 2
2956, 0
2957, 1
2958, 1
2959, 3
2960, 2
2961, 2
2962, 2
2963, 1
2964, 1
2965, 1
2966, 1
2967, 1
2968, 0
2969, 0
2970, 2
2971, 0
2972, 2
2973, 1
2974, 3
2975, 4
2976, 0
2977, 1
2978, 2
2979, 2
2980, 1
2981, 1
2982, 2
2983, 0
2984, 0
2985, 1
2986, 1
2987, 0
2988, 1
2989, 1
2990, 1
2991, 1
2992, 1
2993, 3
2994, 2
2995, 0
2996, 3
2997, 2
2998, 2
2999, 4
3000, 3
3001, 1
3002, 2
3003, 0
3004, 3
3005, 2
3006, 3
3007, 2
3008, 1
3009, 3
3010, 1
3011, 3
3012, 2
3013, 1
3014, 3
3015, 2
3016, 3
3017, 2
3018, 4
3019, 0
3020, 4
3021, 2
3022, 2
3023, 1
3024, 0
3025, 1
3026, 0
3027, 2
3028, 0
3029, 3
3030, 1
3031, 1
3032, 1
3033, 3
3034, 2
3035, 2
3036, 3
3037, 2
3038, 5
3039, 0
3040, 0
3041, 1
3042, 0
3043, 1
3044, 4
3045, 3
3046, 0
3047, 3
3048, 2
3049, 1
3050, 0
3051, 1
3052, 1
3053, 3
3054, 1
3055, 3
3056, 0
3057, 2
3058, 1
3059, 1
3060, 0
3061, 2
3062, 4
3063, 0
3064, 1
3065, 3
3066, 1
3067, 1
3068, 0
3069, 1
3070, 1
3071, 1
3072, 1
3073, 2
3074, 0
3075, 0
3076, 1
3077, 1
3078, 0
3079, 0
3080, 2
3081, 2
3082, 0
3083, 3
3084, 1
3085, 0
3086, 0
3087, 0
3088, 1
3089, 3
3090, 1
3091, 0
3092, 0
3093, 0
3094, 2
3095, 1
3096, 1
3097, 3
3098, 1
3099, 1
3100, 1
3101, 3
3102, 2
3103, 3
3104, 2
3105, 2
3106, 1
3107, 1
3108, 3
3109, 0
3110, 0
3111, 2
3112, 1
3113, 1
3114, 2
3115, 2
3116, 0
3117, 0
3118, 1
3119, 3
3120, 2
3121, 2
3122, 1
3123, 1
3124, 5
3125, 1
3126, 1
3127, 0
3128, 1
3129, 4
3130, 1
3131, 0
3132, 0
3133, 2
3134, 2
3135, 2
3136, 2
3137, 2
3138, 3
3139, 0
3140, 0
3141, 1
3142, 2
3143, 2
3144, 4
3145, 0
3146, 1
3147, 1
3148, 4
3149, 0
3150, 4
3151, 5
3152, 3
3153, 0
3154, 0
3155, 2
3156, 0
3157, 2
3158, 1
3159, 2
3160, 0
3161, 2
3162, 0
3163, 2
3164, 1
3165, 0
3166, 0
3167, 1
3168, 1
3169, 3
3170, 3
3171, 0
3172, 2
3173, 0
3174, 0
3175, 1
3176, 1
3177, 4
3178, 1
3179, 1
3180, 3
3181, 2
3182, 1
3183, 1
3184, 4
3185, 3
3186, 1
3187, 0
3188, 3
3189, 0
3190, 2
3191, 1
3192, 3
3193, 0
3194, 3
3195, 3
3196, 2
3197, 0
3198, 4
3199, 3
3200, 0
3201, 1
3202, 1
3203, 0
3204, 3
3205, 3
3206, 1
3207, 1
3208, 2
3209, 2
3210, 1
3211, 1
3212, 0
3213, 0
3214, 2
3215, 2
3216, 2
3217, 3
3218, 1
3219, 0
3220, 1
3221, 0
3222, 1
3223, 0
3224, 1
3225, 2
3226, 2
3227, 3
3228, 2
3229, 0
3230, 3
3231, 2
3232, 1
3233, 3
3234, 2
3235, 3
3236, 2
3237, 1
3238, 1
3239, 1
3240, 5
3241, 2
3242, 2
3243, 4
3244, 1
3245, 0
3246, 0
3247, 4
3248, 2
3249, 0
3250, 2
3251, 2
3252, 1
3253, 0
3254, 0
3255, 1
3256, 4
3257, 1
3258, 0
3259, 2
3260, 1
3261, 0
3262, 3
3263, 0
3264, 1
3265, 0
3266, 1
3267, 0
3268, 3
3269, 3
3270, 4
3271, 2
3272, 2
3273, 2
3274, 2
3275, 0
3276, 1
3277, 1
3278, 2
3279, 1
3280, 0
3281, 0
3282, 1
3283, 0
3284, 2
3285, 0
3286, 3
3287, 1
3288, 1
3289, 1
3290, 0
3291, 2
3292, 5
3293, 3
3294, 1
3295, 0
3296, 1
3297, 1
3298, 1
3299, 1
3300, 1
3301, 2
3302, 1
3303, 0
3304, 0
3305, 0
3306, 1
3307, 4
3308, 1
3309, 1
3310, 1
3311, 3
3312, 2
3313, 2
3314, 0
3315, 1
3316, 0
3317, 3
3318, 0
3319, 0
3320, 2
3321, 0
3322, 0
3323, 2
3324, 2
3325, 3
3326, 0
3327, 0
3328, 3
3329, 1
3330, 2
3331, 0
3332, 3
3333, 3
3334, 2
3335, 2
3336, 2
3337, 5
3338, 2
3339, 0
3340, 1
3341, 1
3342, 0
3343, 2
3344, 1
3345, 1
3346, 0
3347, 2
3348, 1
3349, 3
3350, 4
3351, 2
3352, 4
3353, 1
3354, 1
3355, 3
3356, 0
3357, 2
3358, 1
3359, 3
3360, 0
3361, 1
3362, 2
3363, 1
3364, 0
3365, 1
3366, 1
3367, 3
3368, 0
3369, 1
3370, 2
3371, 3
3372, 1
3373, 2
3374, 1
3375, 1
3376, 1
3377, 1
3378, 3
3379, 1
3380, 0
3381, 1
3382, 0
3383, 1
3384, 2
3385, 2
3386, 2
3387, 1
3388, 3
3389, 3
3390, 0
3391, 3
3392, 1
3393, 1
3394, 2
3395, 2
3396, 0
3397, 1
3398, 1
3399, 1
3400, 1
3401, 2
3402, 1
3403, 3
3404, 3
3405, 2
3406, 2
3407, 1
3408, 4
3409, 3
3410, 2
3411, 0
3412, 0
3413, 1
3414, 1
3415, 4
3416, 0
3417, 1
3418, 3
3419, 3
3420, 1
3421, 1
3422, 4
3423, 2
3424, 2
3425, 2
3426, 1
3427, 3
3428, 3
3429, 0
3430, 1
3431, 2
3432, 1
3433, 1
3434, 0
3435, 3
3436, 0
3437, 0
3438, 3
3439, 2
3440, 1
3441, 0
3442, 2
3443, 1
3444, 1
3445, 1
3446, 2
3447, 2
3448, 1
3449, 0
3450, 2
3451, 2
3452, 0
3453, 2
3454, 1
3455, 2
3456, 4
3457, 1
3458, 1
3459, 0
3460, 1
3461, 2
3462, 1
3463, 2
3464, 2
3465, 1
3466, 2
3467, 3
3468, 0
3469, 0
3470, 4
3471, 0
3472, 0
3473, 3
3474, 0
3475, 1
3476, 0
3477, 4
3478, 2
3479, 3
3480, 2
3481, 0
3482, 3
3483, 3
3484, 1
3485, 1
3486, 2
3487, 4
3488, 2
3489, 1
3490, 1
3491, 2
3492, 0
3493, 0
3494, 2
3495, 0
3496, 1
3497, 2
3498, 0
3499, 0
3500, 2
3501, 0
3502, 0
3503, 1
3504, 2
3505, 1
3506, 1
3507, 1
3508, 2
3509, 2
3510, 3
3511, 1
3512, 1
3513, 1
3514, 3
3515, 2
3516, 1
3517, 0
3518, 1
3519, 1
3520, 1
3521, 0
3522, 1
3523, 2
3524, 1
3525, 1
3526, 2
3527, 1
3528, 1
3529, 2
3530, 0
3531, 3
3532, 5
3533, 3
3534, 0
3535, 4
3536, 1
3537, 2
3538, 5
3539, 0
3540, 5
3541, 2
3542, 2
3543, 0
3544, 2
3545, 0
3546, 1
3547, 3
3548, 2
3549, 4
3550, 1
3551, 1
3552, 2
3553, 0
3554, 1
3555, 2
3556, 0
3557, 1
3558, 0
3559, 1
3560, 1
3561, 0
3562, 1
3563, 4
3564, 1
3565, 3
3566, 2
3567, 0
3568, 1
3569, 3
3570, 0
3571, 3
3572, 1
3573, 2
3574, 3
3575, 1
3576, 1
3577, 5
3578, 2
3579, 3
3580, 1
3581, 6
3582, 1
